200;Cambiar de forma [Shapechange] ;Asumes una forma diferente. Cuando lanzas el conjuro, elige una de las siguientes opciones, cuyos efectos duran mientras dure el conjuro. Mientras dura el conjuro, puedes finalizar la opción elegida gastando una acción para ganar los beneficios de otra ap;;0;1;1;0;;0;1;1 Accion;7;2;Hasta 1 hora
201;Amigos [Friends] ;Durante la duración de este conjuro, posees ventaja en todas las pruebas de Carisma dirigidas a una criatura de tu elección que no sea hostil hacia ti. Cuando el conjuro finaliza, la criatura se percata que se ha usado magia para influenciar su humor y se;;0;0;1;1;un poco de maquillaje aplicado a la cara cuando este conjuro es lanzado ;0;1;1 Accion;5;0;Hasta 1 minuto
202;Amistad con los animales [Animal Friendship] ;Este conjuro permite convencer a una bestia de que no vas a hacerle daño. Elige una bestia que puedas ver dentro del alcance del conjuro. Ella también debe verte y escucharte. Si la inteligencia de la bestia es 4 o más, el conjuro falla automáticamente. S;;30;1;1;1;un bocado de comida;0;0;1 Accion;5;1;24 horas
203;Animal mensajero [Animal Messenger] ;Por medio de este conjuro se utiliza un animal para entregar un mensaje. Elige una bestia diminuta que puedas ver dentro de tu alcance de visión, como por ejemplo una ardilla, un arrendajo azul o un murciélago. Especifica una ubicación, que debes haber vi;Si lanzas este hechizo usando un espacio de conjuros de nivel 3 o superior, la duración del conjuro aumenta en 48 horas por cada nivel de espacio de con-juros por encima de nivel 2. ;30;1;1;1;un bocado de comida;1;0;1 Accion;5;2;24 horas
204;Antipatía/Simpatía [Antipathy/Sympathy] ;Este conjuro atrae o repele a criaturas de tu elección. Eliges cualquier cosa que esté a tu alcance, un objeto enorme o más pequeño, o una criatura o un área que no sea más grande que un cubo de 200 pies (40 casillas, 60 m). Luego especifica algún tipo de;;60;1;1;1;o bien un terrón de alumbre untado en vinagre para el efecto de antipatía, o bien untando en miel para el efecto de simpatía ;0;0;1 hora;5;8;10 dias
205;Apertura [Knock] ;Elige un objeto que puedas ver dentro del alcance. El objeto puede ser una puerta, una caja, un cofre, un juego de grilletes, un candado u otro objeto que contenga un método corriente o mágico para impedir abrirlo. <br>Un objetivo que esté cerrado por una;;60;1;0;0;;0;0;1 Accion;7;2;instantaneo
206;Arma elemental [Elemental Weapon] ;Un arma no mágica que tocas se convierte en mágica. Elige uno de los siguientes tipos de daño: ácido, frío, fuego, electricidad o sónico. Mientras dure el conjuro, el arma posee un bonificador de +1 a las tiradas de ataque e inflige 1d4 puntos de daño ext;Cuando lanzas este hechizo usando un espacio de conjuros de nivel 5 ó 6, el bonificador aumenta a +2 y el daño extra aumenta a 2d4. Cuando lanzas este hechizo usando un espacio de conjuros de nivel 7 o superior, el bonificador aumenta a +3 y el daño extra;1;1;1;0;;0;1;1 Accion;7;3;Hasta 1 hora
207;Arma espiritual [Spiritual Weapon] ;Creas un arma espectral flotante dentro del alcance que persiste durante la duración o hasta que lances otro conjuro. Cuando lanzas el conjuro, puedes realizar un ataque de conjuro cuerpo a cuerpo contra una criatura a 5 pies (1 casilla, 1.5 m) del arma. ;;60;1;1;0;;0;0;1 accion adicional;2;2;1 minuto
208;Arma mágica [Magic Weapon] ;Tocas un arma no mágica. Hasta que finalice el conjuro, el arma se convierte en un arma mágica con un bonificador +1 a las tiradas de ataque y de daño ;Cuando lanzas este hechizo usando un espacio de conjuros de nivel 4 o superior, el bonificador se incrementa a +2. Cuando usas un espacio de conjuros de nivel 6 o superior, el bonificador se incrementa a +3. ;1;1;1;0;;0;1;1 accion adicional;7;2;Hasta 1 hora
209;Armadura de Agathys [Armor of Agathys] ;Una fuerza mágica protectora te envuelve, manifestándose como un espectro helado que te cubre a ti y a tu equipo. Ganas 5 puntos temporales de golpe mientras dure el conjuro. Si una criatura te golpea mediante un ataque de cuerpo a cuerpo mientras tienes ;Cuando lanzas este hechizo usando un espacio de conjuros de nivel 2 o superior, tanto los Puntos de Golpe temporales como los puntos de daño por frio se incrementan en 5 por cada nivel de espacio de conjuros por encima de nivel 1. ;0;1;1;1;una copa de agua;0;0;1 Accion;3;1;1 hora
210;Armadura de mago [Mage Armor] ;Tocas a una criatura voluntaria, que no esté portando una armadura, y una fuerza mágica protectora la rodea hasta el fin de la duración del conjuro. La CA base del objetivo se vuelve 13 + su modificador de Destreza. El conjuro finaliza si el receptor se p;;1;1;1;1;un trozo de cuero curtido;0;0;1 Accion;3;1;8 horas
211;Asesino fantasmal [Phantasmal Killer] ;Accedes a las pesadillas de una criatura que puedes ver dentro del alcance y creas una manifestación ilusoria de sus más profundos miedos, visibles solo para esa criatura. El objetivo debe realizar una tirada de salvación de Sabiduría. Si se fracasa la sa;Cuando lanzas este hechizo usando un espacio de conjuros de nivel 5 o superior, el daño se incrementa en 1d10 por cada nivel de espacio de conjuros por encima de nivel 4. ;120;1;1;0;;0;1;1 Accion;4;4;Hasta 1 minuto
212;Augurio [Augury] ;Ya sea lanzando palillos con gemas incrustadas, lanzando huesos de dragón, disponiendo cartas con ilustraciones o empleando alguna otra herramienta de adivinación, una entidad de otro mundo te proporciona un presagio sobre los resultados del curso de una ;;0;1;1;1;palillos con marcas especiales, huesos o fichas parecidas de un valor mínimo de 25 po ;1;0;1 minuto;8;2;instantaneo
213;Aumentar característica [Enhance Ability] ;Tocas una criatura y le concedes una mejora mágica. Elige uno de los siguientes efectos el objetivo gana el efecto hasta que el conjuro finalice<br><b>Resistencia de oso:</b> El objetivo tiene ventaja en las pruebas de Constitución. También gana 2d6 Punto;Cuando lanzas este hechizo usando un espacio de conjuros de nivel 3 o superior, puedes seleccionar una criatura adicional por cada nivel de espacio de conjuros por encima de nivel 2.;1;1;1;1;pelaje o una pluma de una bestia;0;1;1 Accion;7;2;Hasta 1 hora
214;Aura de pureza [Aura of Purity] ;Irradias una energía purificadora en forma de aura con un radio de 30 pies (6 casillas, 9 m). Hasta que el conjuro finalice, el aura se desplaza contigo centrada en ti. Cada criatura no hostil (incluido tú) que permanezca dentro del aura no puede enfermar;;0;1;0;0;;0;1;1 Accion;3;4;Hasta 10 minutos
215;Aura de vida [Aura of Life] ;Irradias una energía preservadora de vida en forma de aura con un radio de 30 pies (6 casillas, 9 m). Hasta que el conjuro finalice, el aura se desplaza contigo centrada en ti. Cada criatura no hostil (incluido tú) que permanezca dentro del aura, adquiere;;0;1;0;0;;0;1;1 Accion;3;2;Hasta 10 minutos
216;Aura de vitalidad [Aura of Vitality] ;Irradias una energía curativa en forma de aura con un radio de 30 pies (6 casillas, 9 m). Hasta que el conjuro finalice, el aura se desplaza contigo centrada en ti. Puedes utilizar una acción adicional para hacer que una criatura (incluido tú) recupere 2d;;0;1;0;0;;0;1;1 Accion;2;3;Hasta 1 minuto
217;Aura mágica de Nystul [Nystul’s Magic Aura] ;Colocas una ilusión en una criatura o en un objeto que toques para que los conjuros de adivinación revelen información falsa sobre él. El objetivo puede ser una criatura voluntaria o un objeto que no esté siendo sujetado o transportado por otra criatura<b;;1;1;1;1;un pequeño cuadrado de seda;0;0;1 Accion;4;2;24 horas
218;Aura sagrada [Holy Aura] ;Luces divinas emanan de ti y se funden en un suave resplandor en un radio 30 pies (9 m) a tu alrededor. Las criaturas de tu elección dentro del radio cuando lanzas este conjuro, emiten luz tenue en un radio de 5 pies (1 casilla, 1.5 m) y tienen ventaja en;;0;1;1;1;un pequeño relicario con un valor mínimo de 1.000 po que contenga una reliquia sagrada, como un pedazo de ropa de la túnica de un santo o una pieza de pergamino de un texto sagrado;0;1;1 Accion;3;8;Hasta 1 minuto
219;Auxilio divino [Aid] ;Tu conjuro refuerza a tus aliados con tenacidad y determinación. Elige hasta tres criaturas que estén dentro del alcance. Mientras dura el efecto del conjuro, aumentan en 5 los Puntos de Golpe máximos y los Puntos de Golpe actuales de cada objetivo ;Cuando lanzas este hechizo usando un espacio de conjuros de nivel 3 o superior, los Puntos de Golpe del objetivo se incrementan en 5 puntos adicionales por cada nivel de espacio de conjuros por encima de nivel 2. ;30;1;1;1;una tira diminuta de tela blanca ;0;0;1 Accion;3;2;8 horas
220;Baile irresistible de Otto [Otto's Irresistible Dance ;Elige a una criatura que puedas ver dentro del alcance. El objetivo comienza un baile cómico en el lugar donde se encuentra arrastrando los pies, taconeando y haciendo cabriolas mientras dure el conjuro. Las criaturas que no pueden ser encantadas son inmunes a este conjuro.<br>Una criatura que está bailando debe usar todo su movimiento para bailar sin abandonar su espacio y sufre desventaja en las tiradas de salvación de Destreza y tiradas de ataque. Mientras el objetivo este afectado por este conjuro, las otras criaturas ganan ventaja en las tiradas de ataque contra él. Como una acción, una criatura que está bailando puede realizar una tirada de salvación de Sabiduría para recuperar el control sobre sí misma. Con una salvación con éxito, finaliza el conjuro.;;30;1;0;0;;0;1;1 Accion;5;6;Hasta 1 minuto
221;Barrera de cuchillas [Blade Barrier] ;Creas un muro vertical de afiladas cuchillas giratorias de energía mágica. El muro aparece dentro del alcance y permanece mientras dure el conjuro. Puedes crear un muro recto de hasta 100 pies (20 casillas, 150 m) de largo, 20 pies (4 casillas, 6 m) de alto y 5 pies (1 casillas, 1,5 m) de grosor, o un muro redondo de hasta 60 pies (12 casillas, 18 m) de radio, 20 pies (4 casillas, 6 m) de alto y 5 pies (1 casillas, 1,5 m) de grosor. El muro proporciona tres cuartos de cobertura a las criaturas tras él, y su espacio es terreno difícil<br>Cuando una criatura entra en el área del muro por primera vez en un turno o comienza allí su turno, la criatura debe realizar una tirada de salvación de Destreza. Si falla la tirada de salvación, la criatura sufre 6d10 puntos de daño cortante. Con una salvación con éxito, la criatura sufre la mitad de daño.;;90;1;1;0;;0;1;1 Accion;2;6;Hasta 10 minutos
222;Bendecir [Bless] ;Bendices hasta a tres criaturas de tu elección dentro del alcance del conjuro. Siempre que el objetivo realice una tirada de ataque o una tirada de salvación antes de que finalice el conjuro, el objetivo puede tirar un d4 y añadir el resultado obtenido a la tirada de ataque o tirada de salvación ;Cuando lanzas este hechizo usando un espacio de conjuros de nivel 2 o superior, puedes elegir como objetivo a una criatura adicional por cada nivel de espacio de conjuros por encima de nivel 1. ;30;1;1;1; una rociada de agua bendita;0;1;1 Accion;5;1;Hasta 1 minuto
223;Boca mágica [Magic Mouth] ;Implantas un mensaje en un objeto dentro del alcance, un mensaje que es pronunciado cuando se da una condición desencadenante. Elige un objeto que puedas ver y que no esté siendo sujetado o transportado por otra criatura. Di entonces el mensaje, que deben ser 25 palabras o menos, pero que puede ser transmitido a lo largo de 10 minutos. Finalmente, determina la circunstancia que desencadenará el conjuro para emitir el mensaje<br>Cuando dicha circunstancia ocurre, una boca mágica aparece en el objeto y recita el mensaje con tu voz y el mismo volumen con el que hablaste. Si el objeto que elegiste tiene una boca o algo que se parezca a una boca (por ejemplo, la boca de una estatua), la boca mágica aparece en ese lugar para que parezca que las palabras provengan de la boca del objeto. Cuando lanzas este conjuro, puedes hacer que finalice después de emitir el mensaje, o puede permanecer y repetir el mensaje siempre que el desencadenante ocurra.<br>La circunstancia desencadenante puede ser tan general o detallada como tú quieras, pero debe basarse en condiciones visuales o audibles que ocurran a 30 pies (6 casillas, 9 m) o menos del objeto. Por ejemplo, puedes dar instrucciones a la boca de hablar cuando cualquier criatura se mueva a 30 pies (6 casillas, 9 m) o menos del objeto o cuando una campana de plata tañe a 30 pies (6 casillas, 9 m) o menos de él.;;30;1;1;1;un trozo pequeño de panal y jade en polvo por valor de al menos 10 po, que el conjuro consume;1;0;1 minuto;4;2;hasta que se disipa
224;Bola de fuego [Fireball] ;Un rayo brillante resplandece desde tu dedo apuntando a un lugar que eliges dentro del rango y luego estalla con un rugido grave en una explosión de llamas. Cada criatura en un radio de esfera de 20 pies (4 casillas, 6 m) centrado en ese punto debe realizar una tirada de salvación de Destreza. El objetivo sufre 8d6 puntos de daño por fuego en una salvación fallida, o la mitad del total de daño en una salvación con éxito. <br>El fuego se extiende por las esquina. EL fuego enciende objetos inflamables en el área que no son sujetados ni transportados;Cuando lanzas este hechizo usando un espacio de conjuros de nivel 4 o superior, el daño se incrementa en 1d6 por cada nivel de espacio de conjuros por encima de nivel 3. ;150;1;1;1;una bolita de guano de murciélago y azufre;0;0;1 Accion;2;3;instantaneo
225;Bola de fuego de explosión retardada ;Un haz de luz amarilla resplandece desde la punta de tu dedo, luego permanece condensándose en un punto escogido dentro del alcance como una perla resplandeciente por la duración del conjuro. Cuando el conjuro finaliza, ya sea porque tu concentración se ha roto o porque tú decides terminarlo, la perla estalla con un grave estruendo en una explosión de llamas que se extiende por las esquinas. Cada criatura en el radio de una esfera de 20 pies (4 casillas, 6 m) centrado en el punto escogido debe realizar una tirada de salvación de Destreza. Una criatura sufre daño por fuego igual al total de daño acumulado en una salvación fallida, o la mitad del daño en una salvación con éxito <br>El daño base del conjuro es 12d6. Si al final de tu turno la perla de fuego no ha detonado aun, el daño se incrementa en 1d6.<br>Si la perla resplandeciente es tocada antes de que el intervalo haya expirado, la criatura que la ha tocado debe hacer una tirada de salvación de Destreza. En una salvación fallida, el conjuro finaliza inmediatamente, causando que la perla estalle en llamas. En una salvación con éxito, la criatura puede arrojar la perla hasta 40 pies (12 m). Cuando ésta golpea una criatura o un objeto sólido, el conjuro finaliza, y la perla explota. El fuego daña objetos en el área y enciende objetos inflamables que no son sujetados o transportados;Cuando lanzas este hechizo usando un espacio de conjuros de nivel 8 o superior, el daño base se incrementa en 1d6 por cada nivel de espacio de conjuros por encima de nivel 7.;150;1;1;1;una bolita de guano de murciélago y azufre;0;1;1 Accion;2;7;Hasta 1  minuto
226;Brazos de Hadar [Arms of Hadar] ;Invocas el poder de Hadar, el Hambriento Oscuro. Zarcillos de oscura energía brotan de ti y azotan a todas las criaturas que se encuentren a menos de 10 pies (2 casillas, 3 m). Cada criatura en el área debe realizar una tirada de salvación de Fuerza. En caso de que falle la tirada de salvación, el objetivo sufre 2d6 puntos de daño necrótico y no podrá reaccionar hasta su siguiente turno. En caso de que supere la tirada de salvación la criatura sufre sólo la mitad del daño y ningún otro efecto;Cuando lanzas este hechizo usando un espacio de conjuros de nivel 2 o superior, el daño se incrementa con 1d6 por cada nivel de espacio de conjuros por encima de nivel 1.;0;1;1;0;;0;0;1 Accion;1;1;instantaneo
227;Brote de espinas [Spike Growth] ;Del suelo en un radio de 20 pies (4 casillas, 6 m) centrado en un punto dentro del alcance, brotan duros pinchos y espinas. El área se convierte en un terreno difícil durante la duración del conjuro. Cuando una criatura entra o se mueve dentro del área, sufre 2d4 puntos de daño perforante por cada 5 pies (1 casilla, 1.5 m) que se desplace<br>La transformación del suelo está camuflada para que parezca natural. Cualquier criatura que no pueda ver el área en el momento en que se lanza el conjuro debe realizar una prueba de Sabiduría (Percepción) contra la CD de tu salvación de conjuros para reconocer el terreno como peligroso antes de entrar en él.;;150;1;1;1;siete espinas afiladas o siete ramitas, cada una afilada en forma puntiaguda;0;1;1 Accion;7;2;Hasta 10 minutos
228;Buenas bayas [Goodberry] ;Hasta diez bayas aparecen en tu mano las cuales están infundidas con magia por toda la duración del conjuro. Una criatura puede usar su acción para comer una baya. Comerse una baya recupera 1 punto de golpe, y la baya provee suficiente nutrientes para mantener a una criatura durante un día<br>Las bayas pierden su potencial si estas no han sido consumidas en las 24 horas después de que el conjuro fue lanzado.;;1;1;1;1;ramita de muérdago;0;0;1 Accion;7;1;instantaneo
229;Burla cruel [Vicious Mockery] ;Sueltas una sarta de insultos unidos con imperceptibles encantamientos a una criatura que puedes ver dentro del alcance. Si tu objetivo puede oírte (aunque no necesita entenderte), debe superar una tirada de salvación de Sabiduría o sufrir 1d4 puntos de daño psí- quico y tener desventaja en la siguiente tirada de ataque que haga antes del final de su siguiente turno ;El daño de este conjuro se incrementa en 1d4 cuando llegas a nivel 5 (2d4), nivel 11 (3d4) y nivel 17 (4d4). ;60;1;0;0;;0;0;1 Accion;5;0;instantaneo
230;Cadena de relámpagos [Chain Lightning];Creas una descarga en forma de relámpago que forma un arco hacia un objetivo de tu elección que puedas ver dentro del alcance. Luego, tres relámpagos más surgen desde ese objetivo hasta un máximo de otros tres objetivos, cada uno de los cuales debe de estar a menos de 30 pies (6 casillas, 9 m) del primer objetivo. Un objetivo puede ser una criatura o un objeto, y solo puede ser objetivo de una de las descargas.<br>El objetivo debe realizar una tirada de salvación de Destreza. Si falla la tirada de salvación, el objetivo sufre 10d8 puntos de daño electrico, o la mitad del daño si con una salvación con éxito.;Cuando lanzas este hechizo usando un espacio de conjuros de nivel 7 o superior, una descarga adicional salta desde el primer objetivo a otro objetivo por cada nivel de espacio de conjuros por encima de nivel 6.;150;1;1;1;un poco de pelo de animal un fragmento de ámbar, vidrio o un cetro de cristal y tres alfileres de plata;0;0;1 Accion;2;6;instantaneo
231;Caída de pluma [Feather Fall] ;Elige hasta a 5 criaturas que estén cayendo dentro del alcance. La velocidad de descenso de una criatura cayendo se reduce a 60 pies (12 casillas, 18 m) por asalto hasta que el conjuro finalice. Si la criatura aterriza antes de que el conjuro finalice, no sufre daño de caída y puede aterrizar de pie, y el conjuro finaliza para dicha criatura;;60;1;0;1;una pequeña pluma o una pelusa ;0;0;1 reaccion;7;1;1 minuto
232;Calentar metal [Heat Metal] ;Elige un objeto metálico manufacturado, como un arma de metal o una armadura metálica media o pesada, que puedas ver dentro del alcance. Provocas que el objeto comience a brillar al rojo vivo.<br>Si la criatura está agarrando o portando el objeto del que toma daño, esta debe superar una tirada de salvación de Constitución o tirar el objeto si es que puede. Si no puede tirar el objeto, tiene desventaja en las tiradas de ataque y las pruebas de característica hasta el comienzo de tu siguiente turno. Cualquier criatura en contacto físico con el objeto sufre 2d8 puntos de daño por fuego cuando lanzas este. conjuro. Hasta que el conjuro finalice puedes usar una acción adicional en cada uno de tus subsiguientes turnos para causar este daño de nuevo ;Cuando lanzas este hechizo usando un espacio de conjuros de nivel 3 o superior, el daño se incrementa por 1d8 por cada nivel del espacio de conjuros por encima de nivel 2.;60;1;1;1;una pieza de hierro y una flama;0;1;1 Accion;7;2;Hasta 1  minuto
233;Calmar emociones [Calm Emotions] ;Intentas suprimir emociones fuertes que afectan a un grupo de personas. Cada humanoide en una esfera de radio 20 pies (4 casillas, 6 m) centrado en un punto que elijas dentro del alcance, debe realizar una tirada de salvación de Carisma una criatura puede elegir fallar esta tirada si así lo desea. Si la criatura falla la tirada de salvación elige uno de los dos siguientes efectos <br>Puedes suprimir cualquier efecto que causa que el objetivo esté en estado encantado o asustado. Cuando finalice el conjuro, cualquier efecto disipado vuelve, siempre y cuando la duración de la condición no hubiera expirado antes.<br>Alternativamente, puedes hacer que un objetivo permanezca indiferente hacia criaturas de tu elección contra las que es abiertamente hostil. Esta indiferencia finaliza si el objetivo es atacado o herido directamente por un conjuro, o si es testigo de que alguno de sus amigos están siendo dañados.<br>Cuando el conjuro finaliza la criatura vuelve a ser hostil otra vez, salvo que el DM precise lo contrario.;;60;1;1;0;;0;1;1 Accion;5;2;Hasta 1  minuto
234;Cambiar de forma [Shapechange] ;Adoptas la forma de otra criatura durante la duración del conjuro. La nueva forma puede ser de cualquier criatura con un valor de desafío igual o menor a tu nivel. La criatura no puede ser un constructo o un muerto viviente, y debes haber visto ese tipo de criatura al menos una vez. Te transformas en un ejemplo corriente de esa criatura, sin ningún nivel de clase y sin el rasgo de lanzamiento de conjuros.<br>Tus características de juego se reemplazan por las de la criatura escogida, aunque mantienes tu alineamiento y puntuaciones de Inteligencia, Sabiduría, y Carisma. También mantienes todas tus competencias en habilidades y tiradas de salvación, además de ganar aquellas propias de la criatura. Si la criatura tiene la misma competencia que tú y el bonificador listado es mayor al tuyo, usa el bonificador de la criatura en lugar del tuyo. No puedes usar ninguna acción legendaria o acciones de guarida de la nueva forma.<br>Asumes los Puntos de Golpe y Dados de Golpe de la nueva forma. Cuando vuelves a tu forma normal, vuelves al número de Puntos de Golpe que tenías antes de transformarte. Si vuelves a tu forma normal como resultado de llegar a 0 Puntos de Golpe, cualquier exceso de daño se pasa a tu forma normal. A no ser que el exceso de daño reduzca tu forma normal a 0 Puntos de Golpe, no caerás inconsciente<br>ente. Mantienes los rasgos que te otorgan tu clase, raza, u otro tipo de fuente y puedes usarlas, teniendo en cuenta si tu nueva forma sea capaz de ello. No puedes usar ningún tipo de sentido especial que tengas (por ejemplo, visión nocturna) a no ser que tu nueva forma también tenga ese mismo sentido. Solo puedes hablar si la criatura puede hablar normalmente<br>Cuando te transformas, puedes escoger si tu equipo se cae al suelo, se fusiona con la nueva forma, o si se lo equipa. El equipo portado funciona con normalidad. El DM determina si es práctico para la nueva forma el llevar una pieza de equipo, basado en la forma y tamaño de la criatura. Tu equipo no cambia de forma o tamaño para encajar con la nueva forma, y cualquier equipo que no pueda ser llevado por la nueva forma debe caer al suelo o ser fusionado con la misma. El equipo fusionado no tiene ningún efecto.<br>Durante la duración de este conjuro, puedes usar tu acción para asumir una forma diferente siguiendo las mismas restricciones y reglas que para la forma original, con una excepción: si tu nueva forma tiene más Puntos de Golpe que tú forma actual, tus Puntos de Golpe se mantienen en su valor actual.;;0;1;1;1;una diadema de jade con un valor de al menos 1.500 po, que debes poner en tu cabeza antes de lanzar el conjuro ;0;1;1 Accion;7;9;Hasta 1 hora
235;Caminar con el viento [Wind Walk] ;Tú y hasta diez criaturas voluntarias que puedas ver dentro del alcance del conjuro adoptáis una forma gaseosa durante toda la duración, apareciendo como jirones de nubes. Mientras estáis en esa forma de nube, una criatura tiene una velocidad de vuelo de 300 pies (60 casillas, 90 m) y resistencia al daño proveniente de armas no mágicas. La única acción que puede tomar una criatura en esta forma es una acción de carrera o revertirse a su forma normal. Revertirse toma 1 minuto, durante ese tiempo una criatura está incapacitada y no puede moverse. Hasta que finalice el conjuro, la criatura puede revertir a su forma de nube, lo cual también requiere 1 minuto de transformación <br>Si una criatura está en forma de nube y volando cuando el efecto finaliza, la criatura desciende 60 pies (12 casillas, 18 m) por turno durante 1 minuto hasta que aterriza, lo cual hace de forma segura. Si no puede aterrizar después de 1 minuto, la criatura cae la distancia restante.;;30;1;1;1;fuego y agua bendita ;0;0;1 minuto;7;6;8 horas
236;Caminar sobre las aguas [Water Walk];Este conjuro concede la habilidad de moverse sobre cualquier superficie líquida, tal como agua, ácido, barro, nieve, arenas movedizas, o lava, como si fuera un suelo sólido inofensivo (las criaturas cruzando lava derretida pueden, sin embargo, sufrir daño por calor). Hasta diez criaturas voluntarias que puedas ver dentro del alcance obtienen esta habilidad toda la duración.<br>Si eliges como objetivo a una criatura sumergida en un líquido, el conjuro lleva al objetivo a la superficie del líquido a una velocidad de 60 pies (12 casillas, 18 m) por asalto.;;30;1;1;1;un pedazo de corcho ;1;0;1 Accion;7;3;1 hora
237;Campo antimagia [Antimagic Field] ;Una esfera antimagia invisible de 10 pies (2 casillas, 3 m) de radio te rodea. El área que ocupa la esfera te separa de la energía mágica que recubre el multiverso. Dentro de la esfera, no se pueden lanzar conjuros, las criaturas invocadas desaparecen e incluso los objetos má- gicos se vuelven mundanos. Hasta que el conjuro finaliza, la esfera se desplaza contigo, centrada en ti.<br>Los conjuros y otros efectos mágicos, excepto aquellos que fueron creados por un artefacto o una deidad, quedan suprimidos dentro de la esfera y no pueden proyectarse a su interior. Un espacio de conjuros gastado en lanzar un hechizo que es suprimido, es consumido. Cuando un efecto mágico queda suprimido, no tiene ningún efecto, pero el tiempo que pasa suprimido cuenta para la duración del conjuro<br><b>Efectos con objetivo</b> Los conjuros y otros efectos mágicos, como un proyectil má- gico [magic missile] o hechizar persona [charm person], que tienen como objetivo una criatura o un objeto en la esfera no tienen efecto en el objetivo.<br><b>Áreas de magia:</b> El área de otro conjuro o efecto mágico, como una bola de fuego [fireball], no se pueden extender dentro de la esfera. Si la esfera se superpone a un área de magia, la parte del área que queda cubierta por la esfera queda suprimida. Por ejemplo, las llamas creadas por un muro de fuego [wall of fire] quedan suprimidas dentro de la esfera, creando un hueco en el muro si el solapamiento es lo suficientemente grande.<br><b>Conjuros:</b> Cualquier conjuro u otro efecto mágico activo sobre una criatura o un objeto en la esfera queda disipado mientras la criatura o el objeto está dentro del campo.<br><b>Objetos mágicos</b>Las propiedades y poderes de objetos mágicos quedan disipados en la esfera. Por ejemplo, una espada larga +1 en la esfera funciona como una espada larga no mágica.<br>Las propiedades y poderes de un arma quedan suprimidas si es utilizada contra un objetivo en la esfera o esgrimida por un atacante en la esfera. Si un arma mágica o una munición mágica abandona totalmente la esfera (por ejemplo, si disparas una flecha mágica o arrojas una lanza a un objetivo fuera dela esfera), la magia suprimida del objeto regresa a él tan pronto como sale de la esfera.<br><b>Viaje mágico</b> La teleportación y el viaje entre los planos no funcionan en la esfera, ya sea la esfera el punto de destino o de partida para dicho viaje mágico. Un portal entre lugares, mundos o planos de existencia, así como una apertura a un espacio extradimensional como el creado por el conjuro Truco de la Cuerda, se cierra temporalmente mientras esta dentro de la esfera.<br><b>Criaturas y objetos</b> Una criatura u objeto invocado o creado por magia temporal desaparece de la existencia en la esfera. Dicha criatura reaparece instantáneamente una vez que el espacio que ocupaba esa criatura ya no está dentro de la esfera.<br><b>Disipar Magia:</b> Los conjuros y efectos mágicos como disipar magia no tienen efecto en la esfera. De igual modo, las esferas creadas por diferentes conjuros de campo antimagia no se anulan una a otra;;0;1;1;1;una pizca de hierro pulverizado o limaduras de hierro ;0;1;1 Accion;3;8;Hasta 1 hora
238;Caparazón antivida [Antilife Shell] ;Una brillante barrera se expande a tu alrededor a lo largo de un radio de 10 pies (2 casillas, 3 m) y se desplaza contigo permaneciendo centrada en ti, protegiéndote de criaturas que no sean muertos vivientes o constructos. La barrera persiste mientras dure el conjuro.<br> La barrera previene a una criatura susceptible de ser afectada a que pase o atraviese la citada barrera. Una criatura afectada puede lanzar conjuros o realizar ataques con armas a distancia o con alcance a través de la barrera<br> Si te mueves de forma que fuerzas a una criatura afectada a pasar a través de la barrera, el conjuro finaliza.;;0;1;1;0;;0;1;1 Accion;3;5;Hasta 1  hora
239;Carcaj rápido [Swift Quiver] ;Transmutas tu carcaj para que produzca una cantidad infinita de munición no mágica, que parece saltar hacia tu mano cuando tratas de alcanzarla. <br>En cada uno de tus turnos hasta que el conjuro finalice, puedes usar una acción adicional para realizar dos ataques con un arma que use la munición del carcaj. Cada vez que hagas un ataque a distancia, tu carcaj reemplaza mágicamente la pieza de munición que has usado con una pieza similar de munición no mágica. Cualquier pieza de munición creada por este conjuro se desintegra cuando el conjuro finaliza. Si sueltas el carcaj, el conjuro finaliza.;;1;1;1;1;un carcaj con al menos una pieza munición ;0;1;1 accion adicional;7;5;Hasta 1 minuto
240;Castigo desterrador [Banishing Smite] ;La próxima vez que impactes a una criatura con un ataque de armas, tu arma crepita con fuerza y el ataque inflige un daño extra de 5d10 puntos de daño por fuerza al objetivo. Además, si el ataque reduce los Puntos de Golpe del objetivo a 50 o inferior, lo destierras. Si el objetivo pertenece a otro plano de existencia diferente al plano en el que te encuentras, el objetivo desaparece, retornando al plano de donde proviene. Si el objetivo pertenece al plano donde te encuentras, la criatura queda atrapada en un semiplano inofensivo. Mientras se encuentra ahí, el objetivo está incapacitado. Permanece allí hasta que el conjuro finaliza, momento en el cual el objetivo reaparece en el mismo sitio donde se desvaneció o si ese sitio está ocupado reaparece en el primer lugar desocupado más cercano.;;0;1;0;0;;0;1;1 accion adicional;3;5;Hasta 1 minuto
241;Cautivar [Enthrall] ;Tejes una cadena de palabras con el objetivo de distraer, provocando que criaturas de tu elección que puedas ver dentro del alcance y te puedan oír realicen una tirada de salvación de Sabiduría. Cualquier criatura que no pueda ser encantada supera esta tirada de salvación automáticamente, y si tú o tus compañeros estáis luchando contra la criatura, ésta tiene ventaja en la salvación. Con una salvación fallida, el objetivo tiene desventaja en las pruebas de Sabiduría (Percepción) realizadas para percibir cualquier criatura que no seas tú hasta que finalice el conjuro o hasta que el objetivo no pueda oírte. El conjuro finaliza si quedas incapacitado o no puedes hablar ;;60;1;1;0;;0;0;1 Accion;5;2;1 minuto
242;Cautiverio [Imprisonment] ;"Creas unas mágicas ataduras que retienen una criatura que puedas ver dentro del alcance. El objetivo debe superar una tirada de salvación de Sabiduría o ser aprisionado por el conjuro; si tiene éxito, este se vuelve inmune si tratas de lanzar el conjuro de nuevo contra él. Mientras este afectado por el conjuro, la criatura no necesita respirar, comer, o beber, y no envejece. Conjuros de adivinación no pueden localizar o sentir al objetivo<br>Cuando lanzas este conjuro, eliges una de las siguientes formas de cautiverio.<br><b>Entierro:</b>El objetivo es sepultado profundamente en la tierra dentro de una esfera de fuerza mágica que es lo suficientemente grande para mantener al objetivo. Nada puede pasar a través de la esfera, ni pueden teletransportarse o usar viaje planar para llegar dentro de esta.<br>El componente especial para esta versión del conjuro es un orbe pequeño de mitral.<br><b>Encadenar:</b> Pesadas cadenas, firmemente arraigadas en el suelo, inmovilizan al objetivo en el lugar. El objetivo es neutralizado hasta que el conjuro finalice, y no puede moverse o ser movido por algo hasta entonces.<br>El componente especial para esta versión del conjuro es una cadena fina de metal precioso.<br><b>Prisión cubierta:</b> El conjuro transporta al objetivo a un pequeño semiplano protegido contra teletransportación y viaje planar. El semiplano puede ser un laberinto, una jaula, una torre, o una estructura confinada o área similar de tu preferencia.<br>El componente especial para esta versión del conjuro es una pequeña prisión hecha de jade<br><b>Contención mínima:</b> El objetivo es reducido hasta tener una altura de 1 pulgada (2,54 cm) y es encerrado en el interior de una gema u objeto similar. La luz puede pasar normalmente a través de la gema (permitiendo al objetivo ver al exterior y a otras criaturas ver en el interior), pero nada más puede pasar a través de esta, incluso por formas de teletransportacion o viaje planar. La gema no puede ser cortada o rota mientras el conjuro mantenga su efecto.<br>El componente especial para esta versión del conjuro es una gema larga y transparente, como un corindón, un diamante o un rubí.<br><b>Inactividad:</b> El objetivo cae dormido y no puede ser despertado. El componente especial para esta versión del conjuro consiste en raras hierbas soporíferas.<br><b>Finalizando el conjuro:</b> Durante el lanzamiento de este conjuro, en cualquiera de sus versiones, puedes especificar una condición que puede causar que el conjuro finalice y libere al objetivo. La condición puede ser específica o tan elaborada como prefieras, pero el DM debe aprobar que la condición sea razonable y tenga probabilidades de ocurrir. Las condiciones se pueden basar en el nombre de la criatura, su identidad, su deidad pero por lo demás deben basarse en acciones o cualidades observables y no basadas en cosas intangibles como el nivel, la clase, o los Puntos de Golpe.<br>Un conjuro de disipar magia [dispel magic] puede terminar el conjuro solo si es lanzado como un conjuro de nivel 9, seleccionando ya sea la prisión o el componente especial que se utilizó para crearlo.<br>Puedes usar un componente especial en particular para crear una prisión a la vez. Si lanzas el conjuro de nuevo utilizando el mismo componente, el objetivo del primer conjuro es inmediatamente liberado de sus ataduras.";;30;1;1;1;una ilustración en vitela o una estatuilla tallada con un parecido al objetivo, y un componente especial que varía de acuerdo a la versión del conjuro que elijas, con un valor mínimo de 500 po por dado de golpe del objetivo;0;0;1 minuto;3;9;hasta que se disipa
243;Ceguera/Sordera [Blindness/Deafness] ;Puedes cegar o dejar sordo a un enemigo. Elige una criatura que puedas ver dentro del alcance para que realice una tirada de salvación de Constitución. Si la tirada de salvación falla, el objetivo queda cegado o ensordecido (a tu elección) durante la duración del conjuro. Al final de cada turno, el objetivo puede realizar una tirada de salvación de Constitución. En caso de éxito, el conjuro finaliza ;Cuando lanzas este hechizo usando un espacio de conjuros de nivel 3 o superior, puedes elegir como objetivo una criatura adicional por cada nivel de espacio de conjuros por encima de nivel 2. ;30;1;0;0;;0;0;1 Accion;6;2;1 minuto
244;Cerradura arcana [Arcane Lock] ;Toca una puerta, ventana, umbral, cofre u otra entrada cerrada, y esta queda cerrada mágicamente mientras dure el conjuro. Tú y las criaturas que designes Cuando lanzas este conjuro pueden abrir el objeto de forma normal. También puedes establecer una contraseña que cuando se pronuncie a menos de 5 pies (1 casillas, 1,5 m) del objeto, suprima el conjuro durante 1 minuto. De otra manera, el objeto no se puede abrir hasta que sea roto o el conjuro sea disipado o suprimido. Lanzar el conjuro de apertura [knock] sobre el objeto suprime el efecto de cerradura arcana [Arcane Lock] durante 10 minutos.<br>Mientras el objeto esté afectado por este conjuro, es más difícil de romper o de abrir por la fuerza la CD para romperlo o abrir cualquier cerradura aumenta en 10.;;1;1;1;1;polvo de oro por valor de 25 po, que el conjuro consume ;0;0;1 Accion;3;2;hasta ser disipado
245;Círculo de muerte [Circle of Death] ;Una esfera de energía negativa se propaga en una esfera de 60 pies de radio desde un punto dentro del alcance. Cada criatura que se encuentre en esa área debe hacer una tirada de salvación de Constitución. Si falla la tirada recibirá 8d6 puntos de daño necrótico, o la mitad si tiene éxito. ;Cuando lanzas este hechizo usando un espacio de conjuros de nivel 7 o superior, el daño se incrementa en 2d6 por cada nivel de espacio de conjuros por encima de nivel 6. ;150;1;1;1; el polvo de una perla negra triturada con un valor de al menos 500po;0;0;1 Accion;6;6;instantaneo
246;Círculo de poder [Circle of Power] ;Irradias energía divina, distorsionando y difuminando la energía mágica a 30 pies (6 casillas, 9 m) de ti. Hasta que finalice el conjuro, la esfera se mueve contigo, centrada en ti, y cada criatura amiga dentro del área de la esfera (incluido tú) tiene ventaja en las tiradas de salvación contra conjuros y otros efectos mágicos. Además, cuando una criatura afectada por este hechizo, consigue superar una tirada de salvación contra un conjuro, o efecto mágico que permite reducir a la mitad el daño en caso de éxito, si supera la tirada salvación, en vez de reducir a la mitad no sufre ningún daño. ;;0;1;0;0;;0;1;1 Accion;3;5;Hasta 10 minutos
247;Círculo de teletransporte [Teleportation Circle] ;Mientras lanzas el conjuro, dibujas un círculo de 10 pies de diámetro en el suelo inscrito con sellos que vinculan tu localización a un círculo de teletransporte permanente de tu elección en el mismo plano de existencia que tú. Un portal brillante se abre en el círculo que has dibujado y permanece abierto hasta el final de tu próximo turno. Cualquier criatura que entre en el portal aparece instantáneamente a 5 pies (1 casilla, 1.5 m) del círculo de destino o en el espacio libre más cercano, si el espacio está ocupado.<br>La mayoría de templos mayores, gremios, y otros sitios importantes tienen círculos de teletransporte permanentes inscritos en algún sitio de sus dominios. Cada círculo incluye una secuencia de sellos. Cuando ganas la habilidad de lanzar este conjuro, aprendes la secuencia de sellos de dos destinos del Plano Material, determinados por el DM. Puedes aprender secuencias de sellos adicionales durante tus aventuras. Puedes considerar memorizada una secuencia de sellos nueva si la estudias durante 1 minuto<br>Puedes crear un círculo de teletransporte permanente realizando este conjuro en la misma localización cada día durante un año. Necesitas no usar el círculo para teletransportarte cuando realizas el conjuro de esta manera.;;10;1;0;1;tizas raras y tinta preparada con gemas preciosas por valor de 50 po, que el conjuro consume ;0;0;1 minuto;1;5;1 Asalto
248;Círculo mágico [Magic Circle] ;Creas un cilindro de energía mágica de 10 pies (2 casillas, 3 m) de radio y 20 pies (4 casillas, 6 m) de altura centrado en un punto del suelo que puedas ver dentro del alcance. Runas resplandecientes aparecen allí donde el cilindro hace intersección con el suelo u otras superficies <br>Elige uno o más de los siguientes tipos de criaturas: celestial, elemental, feérico, infernal, o muerto viviente. El círculo afecta una criatura del tipo elegido de las siguientes formas:<br>• La criatura no puede entrar voluntariamente al cilindro por medios no mágicos. Si la criatura intenta usar teletransportación o viaje intraplanar para hacerlo, primero debe superar una tirada de salvación de Carisma.<br>• La criatura tiene desventaja en las tiradas de ataque contra objetivos dentro del cilindro.<br>• Los objetivos dentro del cilindro no pueden ser encantados, asustados o poseídos por la criatura.<br>Cuando lanzas este conjuro, puedes elegir causar que su magia opere en el sentido inverso, previniendo que una criatura del tipo elegido abandone el cilindro y protegiendo a los objetivos fuera del mismo;Cuando lanzas este hechizo usando un espacio de conjuros de nivel 4 o superior, la duración se incrementa en 1 hora por cada nivel de espacio de conjuros por encima de nivel 3.;10;1;1;1;agua sagrada o plata y hierro en polvo por valor de al menos 100 po, que el conjuro consume;0;0;1 minuto;3;3;1 hora
249;Clarividencia [Clairvoyance] ;(1 milla de distancia, 1,6 Km)Creas un sensor invisible dentro del alcance del conjuro en una localización que te sea familiar (un lugar que ya hayas visitado o visto con anterioridad) o en una localización obvia aunque no te sea familiar (por ejemplo detrás de una puerta, tras una esquina o en una arboleda). El sensor permanece ahí hasta que finalice el efecto del conjuro y no puede ser atacado, ni se puede interactuar con él.<br>Cuando lanzas este conjuro eliges si quieres ver u oír. Puedes utilizar el sentido elegido tal y como si estuvieras en la localización del sensor. En tu acción, puedes elegir cambiar el sentido utilizado entre ver y oír.<br>Una criatura que detecte el sensor (por ejemplo, aquellas criaturas que posean ver invisibilidad [see invisibility] o visión verdadera) verá un orbe luminoso e intangible del tamaño de un puño.;;5280;1;1;1;un foco con valor de 100 po, ya sea un cuerno enjoyado para escuchar o un ojo de cristal para ver ;0;1;10 minutos;8;3;Hasta 10 minutos
250;Clonar [Clone] ;"Este conjuro hace crecer un duplicado inerte de una criatura viva como garantía contra la muerte. Este clon se forma dentro de un recipiente sellado y adquiere su tamaño final y madurez después de 120 días; además también puedes hacer que el clon sea una versión más joven de la misma criatura. El clon permanecerá inerte hasta la eternidad mientras su recipiente no sea profanado.<br>En cualquier momento después de que el clon madure, si la criatura original muere, su alma es transferida al clon, siempre y cuando el alma sea libre y quiera regresar. El clon es físicamente idéntico al original y tiene la misma personalidad, memoria y habilidades, pero no conserva nada del equipamiento que pudiera llevar. El cuerpo de la criatura original perdura, si todavía existe, en estado inerte, y no puede ser devuelto a la vida ya que su alma no está disponible.";;1;1;1;1;un diamante por valor de 1.000 po, y al menos una pulgada cú- bica (1cm3 aprox.) de materia de la criatura que va a ser clonada, que el conjuro consume, y un recipiente por valor de 2.000 po que tenga una tapa estanca y que sea lo suficientemente grande para albergar una criatura de tamaño Medio, como por ejemplo una urna enorme, un ataúd, una tumba arcillosa cavada en el suelo o un contenedor de crista lleno de agua salada;0;0;1 hora;6;8;instantaneo
251;Cobijo seguro de Leomund [Leomund’s Tiny Hut] ;Una cúpula inmóvil de fuerza de 10 pies (2 casillas, 3 m) de radio cobra existencia alrededor y por encima de ti y permanece estática mientras dura el conjuro. El hechizo termina si sales del área <br>Nueve criaturas de tamaño mediano o menor pueden caber dentro contigo. El conjuro falla si su área incluye una criatura mayor o más de nueve criaturas. Las criaturas y objetos que se encuentren dentro de la cúpula cuando lanzas el conjuro pueden moverse por ella libremente. El resto de criaturas y objetos quedan impedidas de pasar a través de ella. Conjuros y otros efectos mágicos no se pueden extender a través de la cúpula o ser lanzados a través de ella. La atmósfera del espacio interior es confortable y seca, independientemente del tiempo en el exterior.<br>Hasta que el conjuro finalice, puedes hacer que el interior quede iluminado en luz tenue o a oscuras. La cúpula es opaca desde el exterior, del color que elijas, pero es transparente desde el interior.;;0;1;1;1;una pequeña cuenta de cristal;1;0;1 minuto;2;3;8 horas
252;Cofre secreto de Leomund [Leomund’s Secret Chest];Escondes un cofre y todo su contenido en el Plano Etéreo. Debes tocar el cofre y la réplica en miniatura que funcionan como componentes materiales del conjuro. El cofre puede contener hasta 12 pies cúbicos (340 litros [0,34 m³]) de material no vivo (3 pies [90 cm] por 2 pies [60 cm] por 2 pies [60 cm])<br>Mientras el cofre permanezca en el Plano Etéreo, puedes usar una acción y tocar la réplica para traer de vuelta el cofre.<br>Éste aparece en un espacio desocupado en el suelo a 5 pies (1 casilla, 1,5 m) de ti. Puedes enviar de vuelta el cofre al Plano Etéreo usando una acción y tocando ambos cofres.<br>Después de 60 días, hay una probabilidad de un 5 por ciento acumulativo por día de que el efecto del conjuro finalice. Este efecto termina si lanzas el conjuro otra vez, si la réplica pequeña del cofre es destruida, o si eliges terminar el conjuro como una acción. Si el conjuro finaliza y el cofre grande está en el Plano Etéreo, se pierde irremediablemente.;;1;1;1;1;un cofre exquisito, de 3 pies [90 cm] por 2 pies [60 cm] por 2 pies [60 cm], construido con materiales raros por valor de al menos 5.000 po, y una réplica diminuta creada con los mismos materiales por valor de al menos 50 po;0;0;1 Accion;1;4;instantaneo
253;Comprensión idiomática [Comprehend Languages];Mientras dura el conjuro, comprendes el significado literal de cualquier idioma hablado que oigas. También comprendes cualquier idioma escrito que veas, pero debes estar tocando la superficie sobre la cual están escritas las palabras. Es necesario alrededor de 1 minuto para leer una página de texto.<br>Este conjuro no descifra mensajes secretos en un texto o un glifo, como en un sello arcano, que no es parte de un idioma escrito.;;0;1;1;1;una pizca de hollín y de sal;1;0;1 Accion;8;1;1 hora
254;Compulsión [Compulsion];Las criaturas a tu elección que puedas ver y te puedan oír dentro del alcance del conjuro deben realizar una tirada de salvación de Sabiduría. Un objetivo supera esta tirada de salvación automáticamente si no puede ser encantado. En caso de que la tirada falle, el objetivo se verá afectado por el conjuro. Hasta que el conjuro finalice, puedes utilizar una acción adicional en cada uno de tus turnos para elegir una dirección horizontal a ti. Cada objetivo afectado por el conjuro, en su siguiente turno, debe utilizar el máximo de su capacidad de movimiento para moverse en esa dirección. El objetivo puede realizar su acción antes de moverse. Después de moverse de este modo, puede realizar una tirada de salvación de Sabiduría para intentar finalizar el efecto.<br>Un objetivo no puede ser forzado a caminar hacia un peligro mortal, como por ejemplo caminar hacia el fuego o hacia un pozo, pero puede provocar ataques de oportunidad al moverse en la dirección indicada.;;30;1;1;0;;0;1;1 Accion;5;4;Hasta 1 minuto
255;Comunión [Commune] ;Contactas con tu deidad o una representación divina pudiendo realizar hasta tres preguntas que pueden ser respondidas con sí o no. Debes realizar tus preguntas antes de que finalice el conjuro. Recibes una respuesta correcta a cada pregunta.<br>Los seres divinos no son necesariamente omniscientes, así que podrías recibir como respuesta un “no lo tengo claro” si una pregunta tiene que ver con información que se encuentra más allá del conocimiento de la deidad. En el caso de que dar una repuesta de una sola palabra pudiese inducir a error o se oponga a los intereses de la deidad, el DM podría en su lugar ofrecer una frase breve como respuesta.<br>Si lanzas el conjuro dos o más veces antes de finalizar tu próximo descanso prolongado, existe un 25% acumulativo de posibilidades por cada lanzamiento después del primero de que no obtengas respuesta. El DM realiza esta tirada en secreto.;;0;1;1;1; incienso y un vial de agua bendita o sacrílega;1;0;1 minuto;8;5;1 minuto
256;Comunión con la naturaleza [Commune with Nature] ;Te conviertes en uno con la naturaleza por un breve tiempo y obtienes conocimientos sobre el territorio circundante. En el exterior, el conjuro te proporciona conocimiento de la tierra hasta 3 millas (4,8km aprox.) de donde lo lanzas. En cuevas y otros entornos subterráneos naturales, el radio de conocimiento se limita a 300 pies (60 casillas, 90 m). El conjuro no funciona si el lugar ha sido modificado por construcciones, como por ejemplo, en una mazmorra o en una ciudad<br>Inmediatamente ganas conocimiento a tu elección de cualquiera de los siguientes hechos relativos a los siguientes elementos que se encuentran en la zona:<br>• Terrenos y cuerpos de agua<br>• Plantas nativas de la zona, minerales, animales o gentes.<br>• Poderosos celestiales, feéricos, infernales, elementales o muertos vivientes.<br> • Influencia desde otros planos de existencia.<br>• Edificios.<br>Por ejemplo, puedes llegar a conocer la localización de una poderosa área de muertos vivientes, la localización de manantiales de agua potable, o la localización de cualquier ciudad cercana.;;0;1;1;0;;1;0;1 minuto;8;5;instantaneo
257;Confusión [Confusion] ;Este conjuro penetra en la mente de las criaturas y las confunde, generándoles delirios y provocándoles acciones incontroladas. Cada criatura dentro de una esfera con un radio de 10 pies (2 casillas, 3 m) centrada en un punto que elijas dentro del alcance del conjuro debe superar una tirada de salvación de Sabiduría para no verse afectada por él<br>Una criatura afectada no puede realizar reacciones y debe tirar un d10 al comienzo de sus turnos para determinar su comportamiento a lo largo del mismo.<br><br><b>d10 — Comportamiento</b><br>1 -La criatura usa todo su movimiento para moverse en una dirección aleatoria. Para determinar en qué dirección se mueve, tira 1d8 y asigna una dirección a cada cara del dado. La criatura no puede realizar ninguna acción en su turno<br>2-6 - La criatura ni se mueve ni realiza acciones en su turno.<br>7-8 - La criatura usa su acción para realizar un ataque de cuerpo a cuerpo contra un criatura determinada aleatoriamente que esté a su alcance. Si no hay criatura cerca de ella, la criatura no hace nada en este turno<br>9-10 - La criatura puede actuar y moverse de forma normal.<br><br>Al final de cada turno, una criatura afectada puede realizar de nuevo una tirada de salvación de Sabiduría. Si la supera, el efecto del conjuro finaliza para ella.;Cuando lanzas este hechizo usando un espacio de conjuros de nivel 5 o superior, el radio de la esfera crece en 5 pies (1 casillas, 1,5 m) por cada nivel de espacio de conjuros por encima de nivel 4.;90;1;1;1;3 cáscaras de nuez;0;1;1 Accion;5;4;Hasta 1 minuto
258;Conjurar animales [Conjure Animals] ;Convocas espíritus feéricos que toman la apariencia de bestias que aparecen en espacios desocupados que puedas ver dentro del alcance del conjuro. Elige una de las siguientes opciones para determinar la aparición que se produce: <br>• Una bestia con valor de desafío 2 o inferior.<br>• Dos bestias con valor de desafío 1 o inferior.<br>• Cuatro bestias con valor de desafío 1/2 o inferior.<br>• Ocho bestias con valor de desafío 1/4 o inferior.<br>Cada bestia se considera feérica y desaparece cuando alcanza los 0 Puntos de Golpe o finaliza el conjuro.<br>Las criaturas invocadas son amistosas contigo y con tus compañeros. Haz una tirada de iniciativa grupal para determinar el orden de sus propios turnos. Ellas obedecen cualquier orden verbal que les mandes (para lo cual no necesitas gastar ningún tipo de acción). Si no les ordenas nada, actuarán sólo en defensa propia contra criaturas hostiles, de otro modo no tomaran acciones. El DM tiene las estadísticas de estas criaturas.; Cuando lanzas este hechizo usando espacios de conjuros superiores, puedes elegir invocar cualquiera de las opciones presentada arriba, y adicionalmente aparecerán más criaturas: el doble si lo lanzas con un espacio de conjuros de nivel 5, el triple con el de nivel 7, y cuatro veces más con el de nivel 9.;60;1;1;0;;0;1;1 Accion;1;3;Hasta 1 hora
259;Conjurar bombardeo [Conjure Barrage] ;Arrojas un arma no mágica o disparas un proyectil de munición no mágica al aire para crear un cono de armas idénticas que se lanzan y luego desaparecen. Cada criatura que se encuentre en un cono de 60 pies (12 casillas, 18 m) debe realizar una tirada de salvación de Destreza. Si la criatura falla la tirada sufre 3d8 puntos de daño por fuego, y la mitad de daño con una salvación con éxito. El tipo de daño que recibe el objetivo es el mismo que el daño que provoca el arma o la munición usada como componente.;;0;1;1;1;un proyectil de munición o un arma arrojadiza.;0;0;1 Accion;1;3;instantaneo
260;Conjurar celestial [Conjure Celestial] ;Invocas a un ser celestial con un valor de desafío de 4 o inferior que aparece en un espacio desocupado que puedas ver dentro del alcance del conjuro. El celestial desaparece en cuanto alcanza los 0 Puntos de Golpe o finaliza el conjuro.<br>El ser celestial es amistoso contigo y con tus compañeros. Haz una tirada de iniciativa para determinar el orden de sus propios turnos. El celestial obedece cualquier orden verbal que le mandes (para lo cual no necesitas gastar ningún tipo de acción), siempre y cuando no viole su alineamiento. Si no le ordenas nada, actuará sólo en defensa propia contra criaturas hostiles, de otro modo no tomará acciones.<br>El DM tiene las estadísticas del celestial.;Cuando lanzas este hechizo usando un espacio de conjuros de nivel 9, invocas a una criatura celestial que supone un valor de desafío de 5 o inferior.;90;1;1;0;;0;1;1 minuto;1;7;Hasta 1 hora
261;Conjurar descarga [Conjure Volley] ;Lanzas un arma no mágica o arrojas un proyectil de munición no mágica al aire y eliges un punto dentro del alcance del conjuro. Cientos de duplicados de la munición o el arma utilizados caen del cielo como si fueran una descarga y luego desaparecen. Cada criatura que se encuentre en un cilindro de 40 pies (8 casillas, 12 m) de radio y 20 pies (4 casillas, 6 m) de altura centrado en el punto elegido debe realizar una tirada de salvación de Destreza. Si la criatura falla la tirada sufre 8d8 puntos de daño, o la mitad si supera la tirada. El tipo de daño es el mismo que el del arma o la munición empleada en el conjuro.;;150;1;1;1;un proyectil de munición o un arma arrojadiza.;0;0;1 Accion;1;5;instantaneo
262;Conjurar elemental [Conjure Elemental] ;Invocas a un sirviente elemental. Elige un área dentro del alcance del conjuro, de aire, tierra, fuego o agua que llene al menos un cubo de 10 pies (2 casillas, 3 m). El elemental apropiado, con un Valor de desafío de 5 o inferior, aparece a 10 pies del área elegida. Por ejemplo, un elemental de fuego emerge de una hoguera, y un elemental de tierra lo hace desde el suelo. El elemental desaparece cuando sus Puntos de Golpe llegan a 0 o finaliza el conjuro.<br>El elemental es amistoso contigo y con tus compañeros. Haz una tirada de iniciativa para determinar el orden de sus propios turnos. El elemental obedece cualquier orden verbal que le mandes (para lo cual no necesitas gastar ningún tipo de acción). Si no le ordenas nada, actuará sólo en defensa propia contra criaturas hostiles, de otro modo no tomará acciones.<br>Si se rompe tu concentración, el elemental no desaparece, al contrario, permanece donde estaba pero pierdes el control sobre él, volviéndose hostil contra ti y tus compañeros, atacándote. No puedes cancelar a un elemental descontrolado y solo desaparecerá cuando transcurra una hora después de su aparición.<br>El DM tiene las estadísticas de esta criatura.;Cuando lanzas este hechizo usando un espacio de conjuros de nivel 6 o superior, el valor de desafío que supone la criatura se incrementa en 1 por cada nivel de espacio de conjuros por encima de nivel 5.;90;1;1;1;quemar incienso para invocar el elemental de aire, arcilla blanda para el de tierra, azufre y fósforo para el de fuego, o agua y arena para el de agua.;0;1;1 minuto;1;5;Hasta 1  hora
263;Conjurar elementales menores [Conjure Minor Elementals] ;Convocas elementales que aparecen en espacios desocupados que puedes ver dentro del alcance del conjuro. Elige una de las siguientes opciones para determinar la aparición que se produce:<br>• Un elemental con valor de desafío de 2 o inferior.<br>• Dos elementales con valor de desafío de 1 o inferior<br>• Cuatro elementales con valor de desafío de 1/2 o inferior.<br>• Ocho elementales con valor de desafío de 1/4 o inferior.<br>Cada elemental invocado por este conjuro desaparece cuando alcanza los 0 Puntos de Golpe o finaliza el conjuro.<br>Los elementales invocados son amistosos contigo y con tus compañeros. Haz una tirada de iniciativa grupal para determinar el orden de sus propios turnos. Los elementales menores obedecen cualquier orden verbal que les mandes (para lo cual no necesitas gastar ningún tipo de acción). Si no les ordenas nada, actuarán sólo en defensa propia contra criaturas hostiles, de otro modo no tomarán acciones.<br>El DM tiene las estadísticas de estas criaturas.;Cuando lanzas este hechizo usando espacios de conjuro superiores, puedes elegir invocar cualquiera de las opciones presentada arriba, y adicionalmente aparecerán más criaturas: el doble si lo lanzas con un espacio de conjuro de nivel 6, y el triple con el de nivel 8.;90;1;1;0;;0;1;1 minuto;1;4;Hasta 1  hora
264;Conjurar ser feérico [Conjure Fey] ;Invocas a una criatura feérica con valor de desafío de 6 o inferior, o a un espíritu feérico para que tome la forma de una bestia con valor de desafío de 6 o inferior. Aparece en un espacio desocupado que puedas ver dentro del alcance del conjuro. La criatura feérica desaparece cuando sus Puntos de Golpe llegan a 0 o finaliza el conjuro<br>La criatura feérica es amistosa contigo y con tus compañeros. Haz una tirada de iniciativa para determinar el orden de sus propios turnos. El ser feérico obedece cualquier orden verbal que le mandes (para lo cual no necesitas gastar ningún tipo de acción) siempre y cuando no viole su alineamiento. Si no le ordenas nada, actuará sólo en defensa propia contra criaturas hostiles, de otro modo no tomará acciones<br>Si se rompe tu concentración, la criatura feérica no desaparece, al contrario, permanece donde estaba pero pierdes el control sobre ella, volviéndose hostil contra ti y tus compañeros, atacándote. No puedes cancelar a una criatura feérica descontrolada y solo desaparecerá cuando transcurra una hora después de su aparición.<br>El DM tiene las estadísticas de esta criatura.;Cuando lanzas este hechizo usando un espacio de conjuros de nivel 7 o superior, el valor de desafío que supone la criatura se incrementa en 1 por cada nivel de espacio de conjuros por encima de nivel 6.;90;1;1;0;;0;1;1 minuto;1;6;Hasta 1 hora
